2:16:12	01.07.2026	Нормальный выход по ключу	Дверь в чистую зону
2:18:34	01.07.2026	Нормальный вход по ключу	Дверь в чистую зону
6:51:10	01.07.2026	Нормальный выход по ключу	Дверь в чистую зону
7:06:02	01.07.2026	Нормальный вход по ключу	Дверь в чистую зону
8:59:18	01.07.2026	Нормальный выход по ключу	Дверь в чистую зону
9:16:57	01.07.2026	Фактический выход	Турникет на проходной
8:24:41	03.07.2026	Фактический вход	Турникет на проходной
8:45:22	03.07.2026	Нормальный вход по ключу	Дверь в чистую зону
10:55:49	03.07.2026	Нормальный выход по ключу	Дверь в чистую зону
10:57:12	03.07.2026	Нормальный вход по ключу	Дверь в чистую зону
13:03:21	03.07.2026	Нормальный выход по ключу	Дверь в чистую зону
13:22:14	03.07.2026	Нормальный вход по ключу	Дверь в чистую зону
16:45:02	03.07.2026	Нормальный выход по ключу	Дверь в чистую зону
16:48:04	03.07.2026	Нормальный вход по ключу	Дверь в чистую зону
20:49:06	03.07.2026	Нормальный выход по ключу	Дверь в чистую зону
21:14:45	03.07.2026	Фактический выход	Турникет на проходной
8:24:53	04.07.2026	Фактический вход	Турникет на проходной
8:47:00	04.07.2026	Нормальный вход по ключу	Дверь в чистую зону
10:51:26	04.07.2026	Нормальный выход по ключу	Дверь в чистую зону
10:59:49	04.07.2026	Фактический выход	Турникет на проходной
8:27:32	05.07.2026	Фактический вход	Турникет на проходной
8:47:51	05.07.2026	Нормальный вход по ключу	Дверь в чистую зону
13:15:17	05.07.2026	Нормальный выход по ключу	Дверь в чистую зону
13:35:21	05.07.2026	Нормальный вход по ключу	Дверь в чистую зону
17:04:36	05.07.2026	Нормальный выход по ключу	Дверь в чистую зону
17:15:35	05.07.2026	Нормальный вход по ключу	Дверь в чистую зону
20:48:51	05.07.2026	Нормальный выход по ключу	Дверь в чистую зону
21:12:48	05.07.2026	Фактический выход	Турникет на проходной
20:26:22	06.07.2026	Фактический вход	Турникет на проходной
20:40:52	06.07.2026	Нормальный вход по ключу	Дверь в чистую зону
0:45:04	07.07.2026	Нормальный выход по ключу	Дверь в чистую зону
1:09:56	07.07.2026	Нормальный вход по ключу	Дверь в чистую зону
6:37:56	07.07.2026	Нормальный выход по ключу	Дверь в чистую зону
6:49:57	07.07.2026	Нормальный вход по ключу	Дверь в чистую зону
9:01:59	07.07.2026	Нормальный выход по ключу	Дверь в чистую зону
9:15:43	07.07.2026	Фактический выход	Турникет на проходной
20:25:08	07.07.2026	Фактический вход	Турникет на проходной
20:46:13	07.07.2026	Нормальный вход по ключу	Дверь в чистую зону
0:10:08	08.07.2026	Нормальный выход по ключу	Дверь в чистую зону
0:22:26	08.07.2026	Нормальный вход по ключу	Дверь в чистую зону
6:37:44	08.07.2026	Нормальный выход по ключу	Дверь в чистую зону
6:47:53	08.07.2026	Нормальный вход по ключу	Дверь в чистую зону
8:56:15	08.07.2026	Нормальный выход по ключу	Дверь в чистую зону
9:22:26	08.07.2026	Фактический выход	Турникет на проходной
8:28:45	11.07.2026	Фактический вход	Турникет на проходной
8:49:35	11.07.2026	Нормальный вход по ключу	Дверь в чистую зону
13:25:48	11.07.2026	Нормальный выход по ключу	Дверь в чистую зону
13:59:47	11.07.2026	Нормальный вход по ключу	Дверь в чистую зону
14:17:19	11.07.2026	Нормальный выход по ключу	Дверь в чистую зону
14:18:10	11.07.2026	Нормальный вход по ключу	Дверь в чистую зону
17:13:02	11.07.2026	Нормальный выход по ключу	Дверь в чистую зону
17:16:16	11.07.2026	Нормальный вход по ключу	Дверь в чистую зону
19:35:42	11.07.2026	Нормальный выход по ключу	Дверь в чистую зону
19:47:39	11.07.2026	Нормальный вход по ключу	Дверь в чистую зону
21:03:45	11.07.2026	Нормальный выход по ключу	Дверь в чистую зону
21:07:12	11.07.2026	Нормальный вход по ключу	Дверь в чистую зону
21:11:08	11.07.2026	Нормальный выход по ключу	Дверь в чистую зону
21:17:04	11.07.2026	Фактический выход	Турникет на проходной
8:25:02	12.07.2026	Фактический вход	Турникет на проходной
8:47:29	12.07.2026	Нормальный вход по ключу	Дверь в чистую зону
10:14:45	12.07.2026	Нормальный выход по ключу	Дверь в чистую зону
10:15:49	12.07.2026	Нормальный вход по ключу	Дверь в чистую зону
11:32:19	12.07.2026	Нормальный выход по ключу	Дверь в чистую зону
12:00:01	12.07.2026	Нормальный вход по ключу	Дверь в чистую зону
14:26:22	12.07.2026	Нормальный выход по ключу	Дверь в чистую зону
14:47:12	12.07.2026	Нормальный вход по ключу	Дверь в чистую зону
18:39:09	12.07.2026	Нормальный выход по ключу	Дверь в чистую зону
18:55:31	12.07.2026	Нормальный вход по ключу	Дверь в чистую зону
21:01:41	12.07.2026	Нормальный выход по ключу	Дверь в чистую зону
21:13:19	12.07.2026	Фактический выход	Турникет на проходной
20:27:21	14.07.2026	Фактический вход	Турникет на проходной
20:53:31	14.07.2026	Нормальный вход по ключу	Дверь в чистую зону
23:23:08	14.07.2026	Нормальный выход по ключу	Дверь в чистую зону
23:38:53	14.07.2026	Нормальный вход по ключу	Дверь в чистую зону
6:41:23	15.07.2026	Нормальный выход по ключу	Дверь в чистую зону
6:53:01	15.07.2026	Нормальный вход по ключу	Дверь в чистую зону
9:06:16	15.07.2026	Нормальный выход по ключу	Дверь в чистую зону
9:18:17	15.07.2026	Фактический выход	Турникет на проходной
20:25:51	15.07.2026	Фактический вход	Турникет на проходной
20:52:28	15.07.2026	Нормальный вход по ключу	Дверь в чистую зону
23:05:32	15.07.2026	Нормальный выход по ключу	Дверь в чистую зону
23:21:17	15.07.2026	Нормальный вход по ключу	Дверь в чистую зону
3:36:59	16.07.2026	Нормальный выход по ключу	Дверь в чистую зону
3:39:10	16.07.2026	Нормальный вход по ключу	Дверь в чистую зону
6:50:57	16.07.2026	Нормальный выход по ключу	Дверь в чистую зону
7:08:04	16.07.2026	Нормальный вход по ключу	Дверь в чистую зону
8:53:15	16.07.2026	Нормальный выход по ключу	Дверь в чистую зону
9:06:01	16.07.2026	Фактический выход	Турникет на проходной
20:30:19	16.07.2026	Фактический вход	Турникет на проходной
0:21:16	17.07.2026	Нормальный вход по ключу	Дверь в чистую зону
6:02:08	17.07.2026	Нормальный выход по ключу	Дверь в чистую зону
6:19:22	17.07.2026	Нормальный вход по ключу	Дверь в чистую зону
9:07:41	17.07.2026	Нормальный выход по ключу	Дверь в чистую зону
9:20:32	17.07.2026	Фактический выход	Турникет на проходной
8:26:41	19.07.2026	Фактический вход	Турникет на проходной
8:49:15	19.07.2026	Нормальный вход по ключу	Дверь в чистую зону
13:27:33	19.07.2026	Нормальный выход по ключу	Дверь в чистую зону
13:50:02	19.07.2026	Нормальный вход по ключу	Дверь в чистую зону
18:00:50	19.07.2026	Нормальный выход по ключу	Дверь в чистую зону
18:14:09	19.07.2026	Нормальный вход по ключу	Дверь в чистую зону
20:53:15	19.07.2026	Нормальный выход по ключу	Дверь в чистую зону
21:08:10	19.07.2026	Фактический выход	Турникет на проходной
8:32:21	20.07.2026	Фактический вход	Турникет на проходной
8:52:33	20.07.2026	Нормальный вход по ключу	Дверь в чистую зону
10:28:49	20.07.2026	Нормальный выход по ключу	Дверь в чистую зону
10:29:51	20.07.2026	Нормальный вход по ключу	Дверь в чистую зону
13:13:28	20.07.2026	Нормальный выход по ключу	Дверь в чистую зону
13:33:02	20.07.2026	Нормальный вход по ключу	Дверь в чистую зону
17:22:20	20.07.2026	Нормальный выход по ключу	Дверь в чистую зону
17:34:58	20.07.2026	Нормальный вход по ключу	Дверь в чистую зону
17:35:22	20.07.2026	Нормальный выход по ключу	Дверь в чистую зону
17:47:51	20.07.2026	Нормальный вход по ключу	Дверь в чистую зону
19:58:59	20.07.2026	Нормальный выход по ключу	Дверь в чистую зону
20:18:08	20.07.2026	Нормальный вход по ключу	Дверь в чистую зону
21:05:21	20.07.2026	Нормальный выход по ключу	Дверь в чистую зону
21:17:09	20.07.2026	Фактический выход	Турникет на проходной
20:35:55	21.07.2026	Фактический вход	Турникет на проходной
21:01:21	21.07.2026	Нормальный вход по ключу	Дверь в чистую зону
23:33:38	21.07.2026	Нормальный выход по ключу	Дверь в чистую зону
0:18:41	22.07.2026	Нормальный вход по ключу	Дверь в чистую зону
1:18:30	22.07.2026	Нормальный выход по ключу	Дверь в чистую зону
1:19:42	22.07.2026	Нормальный вход по ключу	Дверь в чистую зону
5:07:50	22.07.2026	Нормальный выход по ключу	Дверь в чистую зону
5:23:08	22.07.2026	Нормальный вход по ключу	Дверь в чистую зону
9:10:35	22.07.2026	Нормальный выход по ключу	Дверь в чистую зону
9:23:36	22.07.2026	Фактический выход	Турникет на проходной
20:34:47	22.07.2026	Фактический вход	Турникет на проходной
20:54:53	22.07.2026	Нормальный вход по ключу	Дверь в чистую зону
0:41:14	23.07.2026	Нормальный выход по ключу	Дверь в чистую зону
1:04:03	23.07.2026	Нормальный вход по ключу	Дверь в чистую зону
5:36:14	23.07.2026	Нормальный выход по ключу	Дверь в чистую зону
5:54:12	23.07.2026	Нормальный вход по ключу	Дверь в чистую зону
5:54:46	23.07.2026	Нормальный выход по ключу	Дверь в чистую зону
6:05:51	23.07.2026	Нормальный вход по ключу	Дверь в чистую зону
9:03:41	23.07.2026	Нормальный выход по ключу	Дверь в чистую зону
9:19:34	23.07.2026	Фактический выход	Турникет на проходной
20:31:40	23.07.2026	Фактический вход	Турникет на проходной
20:55:28	23.07.2026	Нормальный вход по ключу	Дверь в чистую зону
23:15:27	23.07.2026	Нормальный выход по ключу	Дверь в чистую зону
23:18:02	23.07.2026	Нормальный вход по ключу	Дверь в чистую зону
23:18:25	23.07.2026	Нормальный выход по ключу	Дверь в чистую зону
23:21:02	23.07.2026	Нормальный вход по ключу	Дверь в чистую зону
1:00:29	24.07.2026	Нормальный выход по ключу	Дверь в чистую зону
1:29:57	24.07.2026	Нормальный вход по ключу	Дверь в чистую зону
9:14:10	24.07.2026	Нормальный выход по ключу	Дверь в чистую зону
9:26:12	24.07.2026	Фактический выход	Турникет на проходной
8:26:24	25.07.2026	Фактический вход	Турникет на проходной
8:49:19	25.07.2026	Нормальный вход по ключу	Дверь в чистую зону
13:40:30	25.07.2026	Нормальный выход по ключу	Дверь в чистую зону
14:02:05	25.07.2026	Нормальный вход по ключу	Дверь в чистую зону
18:46:05	25.07.2026	Нормальный выход по ключу	Дверь в чистую зону
19:04:23	25.07.2026	Нормальный вход по ключу	Дверь в чистую зону
21:00:03	25.07.2026	Нормальный выход по ключу	Дверь в чистую зону
21:12:36	25.07.2026	Фактический выход	Турникет на проходной
8:26:49	27.07.2026	Фактический вход	Турникет на проходной
8:48:52	27.07.2026	Нормальный вход по ключу	Дверь в чистую зону
12:05:54	27.07.2026	Нормальный выход по ключу	Дверь в чистую зону
12:25:17	27.07.2026	Нормальный вход по ключу	Дверь в чистую зону
12:54:16	27.07.2026	Нормальный выход по ключу	Дверь в чистую зону
12:55:30	27.07.2026	Нормальный вход по ключу	Дверь в чистую зону
15:14:52	27.07.2026	Нормальный выход по ключу	Дверь в чистую зону
15:24:11	27.07.2026	Нормальный вход по ключу	Дверь в чистую зону
15:25:44	27.07.2026	Нормальный выход по ключу	Дверь в чистую зону
15:38:33	27.07.2026	Нормальный вход по ключу	Дверь в чистую зону
20:04:09	27.07.2026	Нормальный выход по ключу	Дверь в чистую зону
20:16:51	27.07.2026	Нормальный вход по ключу	Дверь в чистую зону
20:52:59	27.07.2026	Нормальный выход по ключу	Дверь в чистую зону
21:19:45	27.07.2026	Фактический выход	Турникет на проходной
8:29:10	28.07.2026	Фактический вход	Турникет на проходной
8:49:04	28.07.2026	Нормальный вход по ключу	Дверь в чистую зону
10:01:02	28.07.2026	Нормальный выход по ключу	Дверь в чистую зону
10:02:24	28.07.2026	Нормальный вход по ключу	Дверь в чистую зону
12:12:38	28.07.2026	Нормальный выход по ключу	Дверь в чистую зону
12:36:08	28.07.2026	Нормальный вход по ключу	Дверь в чистую зону
15:36:38	28.07.2026	Нормальный выход по ключу	Дверь в чистую зону
15:38:09	28.07.2026	Нормальный вход по ключу	Дверь в чистую зону
18:52:11	28.07.2026	Нормальный выход по ключу	Дверь в чистую зону
19:10:42	28.07.2026	Нормальный вход по ключу	Дверь в чистую зону
20:59:22	28.07.2026	Нормальный выход по ключу	Дверь в чистую зону
21:12:10	28.07.2026	Фактический выход	Турникет на проходной
20:25:47	29.07.2026	Фактический вход	Турникет на проходной
20:42:12	29.07.2026	Нормальный вход по ключу	Дверь в чистую зону
0:59:03	30.07.2026	Нормальный выход по ключу	Дверь в чистую зону
1:48:59	30.07.2026	Нормальный вход по ключу	Дверь в чистую зону
4:43:45	30.07.2026	Нормальный выход по ключу	Дверь в чистую зону
4:46:13	30.07.2026	Нормальный вход по ключу	Дверь в чистую зону
9:01:22	30.07.2026	Нормальный выход по ключу	Дверь в чистую зону
9:22:16	30.07.2026	Фактический выход	Турникет на проходной
20:25:27	30.07.2026	Фактический вход	Турникет на проходной
20:50:41	30.07.2026	Нормальный вход по ключу	Дверь в чистую зону
1:01:38	31.07.2026	Нормальный выход по ключу	Дверь в чистую зону
1:40:18	31.07.2026	Нормальный вход по ключу	Дверь в чистую зону
6:31:38	31.07.2026	Нормальный выход по ключу	Дверь в чистую зону
7:09:05	31.07.2026	Нормальный вход по ключу	Дверь в чистую зону
8:51:23	31.07.2026	Нормальный выход по ключу	Дверь в чистую зону
9:06:45	31.07.2026	Фактический выход	Турникет на проходной
20:32:41	31.07.2026	Фактический вход	Турникет на проходной
20:56:08	31.07.2026	Нормальный вход по ключу	Дверь в чистую зону
23:24:42	31.07.2026	Нормальный выход по ключу	Дверь в чистую зону
23:43:15	31.07.2026	Нормальный вход по ключу	Дверь в чистую зону
1:29:09	01.08.2026	Нормальный выход по ключу	Дверь в чистую зону
2:12:50	01.08.2026	Нормальный вход по ключу	Дверь в чистую зону
6:18:13	01.08.2026	Нормальный выход по ключу	Дверь в чистую зону
6:31:36	01.08.2026	Нормальный вход по ключу	Дверь в чистую зону
8:50:35	01.08.2026	Нормальный выход по ключу	Дверь в чистую зону
9:06:02	01.08.2026	Фактический выход	Турникет на проходной
8:28:39	20.08.2026	Фактический вход	Турникет на проходной
8:52:35	20.08.2026	Нормальный вход по ключу	Дверь в чистую зону
11:03:49	20.08.2026	Нормальный выход по ключу	Дверь в чистую зону
12:07:46	20.08.2026	Нормальный вход по ключу	Дверь в чистую зону
15:40:39	20.08.2026	Нормальный выход по ключу	Дверь в чистую зону
15:46:03	20.08.2026	Нормальный вход по ключу	Дверь в чистую зону
18:46:51	20.08.2026	Нормальный выход по ключу	Дверь в чистую зону
19:07:27	20.08.2026	Нормальный вход по ключу	Дверь в чистую зону
20:46:46	20.08.2026	Нормальный выход по ключу	Дверь в чистую зону
21:01:04	20.08.2026	Фактический выход	Турникет на проходной
8:25:14	21.08.2026	Фактический вход	Турникет на проходной
8:45:57	21.08.2026	Нормальный вход по ключу	Дверь в чистую зону
11:24:30	21.08.2026	Нормальный выход по ключу	Дверь в чистую зону
12:16:49	21.08.2026	Нормальный вход по ключу	Дверь в чистую зону
16:24:22	21.08.2026	Нормальный выход по ключу	Дверь в чистую зону
16:28:53	21.08.2026	Нормальный вход по ключу	Дверь в чистую зону
19:08:30	21.08.2026	Нормальный выход по ключу	Дверь в чистую зону
19:47:56	21.08.2026	Нормальный вход по ключу	Дверь в чистую зону
20:55:21	21.08.2026	Нормальный выход по ключу	Дверь в чистую зону
21:07:57	21.08.2026	Фактический выход	Турникет на проходной
20:26:06	23.08.2026	Фактический вход	Турникет на проходной
20:49:20	23.08.2026	Нормальный вход по ключу	Дверь в чистую зону
1:41:42	24.08.2026	Нормальный выход по ключу	Дверь в чистую зону
2:32:28	24.08.2026	Нормальный вход по ключу	Дверь в чистую зону
6:38:31	24.08.2026	Нормальный выход по ключу	Дверь в чистую зону
7:15:21	24.08.2026	Нормальный вход по ключу	Дверь в чистую зону
8:49:42	24.08.2026	Нормальный выход по ключу	Дверь в чистую зону
9:17:09	24.08.2026	Фактический выход	Турникет на проходной
20:24:44	24.08.2026	Фактический вход	Турникет на проходной
20:51:06	24.08.2026	Нормальный вход по ключу	Дверь в чистую зону
22:25:45	24.08.2026	Нормальный выход по ключу	Дверь в чистую зону
22:26:59	24.08.2026	Нормальный вход по ключу	Дверь в чистую зону
23:13:31	24.08.2026	Нормальный выход по ключу	Дверь в чистую зону
23:29:50	24.08.2026	Нормальный вход по ключу	Дверь в чистую зону
3:05:58	25.08.2026	Нормальный выход по ключу	Дверь в чистую зону
3:25:06	25.08.2026	Нормальный вход по ключу	Дверь в чистую зону
5:56:18	25.08.2026	Нормальный выход по ключу	Дверь в чистую зону
6:13:30	25.08.2026	Нормальный вход по ключу	Дверь в чистую зону
8:53:30	25.08.2026	Нормальный выход по ключу	Дверь в чистую зону
9:08:55	25.08.2026	Фактический выход	Турникет на проходной
8:25:54	28.08.2026	Фактический вход	Турникет на проходной
8:48:03	28.08.2026	Нормальный вход по ключу	Дверь в чистую зону
12:04:14	28.08.2026	Нормальный выход по ключу	Дверь в чистую зону
12:56:43	28.08.2026	Нормальный вход по ключу	Дверь в чистую зону
14:56:55	28.08.2026	Нормальный выход по ключу	Дверь в чистую зону
14:59:30	28.08.2026	Нормальный вход по ключу	Дверь в чистую зону
18:45:01	28.08.2026	Нормальный выход по ключу	Дверь в чистую зону
18:59:29	28.08.2026	Нормальный вход по ключу	Дверь в чистую зону
20:57:48	28.08.2026	Нормальный выход по ключу	Дверь в чистую зону
21:13:12	28.08.2026	Фактический выход	Турникет на проходной
8:19:13	29.08.2026	Фактический вход	Турникет на проходной
8:45:09	29.08.2026	Нормальный вход по ключу	Дверь в чистую зону
11:53:05	29.08.2026	Нормальный выход по ключу	Дверь в чистую зону
12:21:14	29.08.2026	Нормальный вход по ключу	Дверь в чистую зону
14:16:44	29.08.2026	Нормальный выход по ключу	Дверь в чистую зону
14:17:59	29.08.2026	Нормальный вход по ключу	Дверь в чистую зону
15:40:58	29.08.2026	Нормальный выход по ключу	Дверь в чистую зону
15:46:31	29.08.2026	Нормальный вход по ключу	Дверь в чистую зону
20:44:10	29.08.2026	Нормальный выход по ключу	Дверь в чистую зону
21:14:51	29.08.2026	Фактический выход	Турникет на проходной
20:25:14	30.08.2026	Фактический вход	Турникет на проходной
20:56:36	30.08.2026	Нормальный вход по ключу	Дверь в чистую зону
23:15:11	30.08.2026	Нормальный выход по ключу	Дверь в чистую зону
23:29:04	30.08.2026	Нормальный вход по ключу	Дверь в чистую зону
3:13:03	31.08.2026	Нормальный выход по ключу	Дверь в чистую зону
3:15:16	31.08.2026	Нормальный вход по ключу	Дверь в чистую зону
5:31:41	31.08.2026	Нормальный выход по ключу	Дверь в чистую зону
5:59:08	31.08.2026	Нормальный вход по ключу	Дверь в чистую зону
8:41:49	31.08.2026	Нормальный выход по ключу	Дверь в чистую зону
8:54:32	31.08.2026	Фактический выход	Турникет на проходной
20:24:16	31.08.2026	Фактический вход	Турникет на проходной
20:53:49	31.08.2026	Нормальный вход по ключу	Дверь в чистую зону
22:41:18	31.08.2026	Нормальный выход по ключу	Дверь в чистую зону
22:57:10	31.08.2026	Нормальный вход по ключу	Дверь в чистую зону
23:40:34	31.08.2026	Нормальный выход по ключу	Дверь в чистую зону
23:41:46	31.08.2026	Нормальный вход по ключу	Дверь в чистую зону
